id,password,last_login,is_superuser,username,user_id,last_name,email,is_staff,is_active,date_joined,first_name
1,pbkdf2_sha256$720000$TAdAFhH8FiWJt8GaE6qaLW$wHnvH2a/G5zO/hfPU7SSR8FYoca5GBN2/YqmDGSFaV8=,57:34.7,0,trilok,10001,,trilokchy999@gmail.com,0,1,48:20.0,
2,pbkdf2_sha256$720000$u98U1WrzPbatREOLmX9IqA$xY+utgu5AWjXo4iIbflsoUwLUoe4NlOqt5x6mM/JsWo=,,1,chaud,10002,,trilokchy999@gmail.com,1,1,37:16.1,
3,pbkdf2_sha256$720000$NxtzcO6u0Tgp9y5fRDX2xG$fDlXdKTwLmZXuJh08NRTkZ9Oq4nDN7SKmMMv/4btFOo=,00:47.9,1,tricch,10003,,,1,1,41:10.9,
4,pbkdf2_sha256$720000$J7LqYw3zjjnJVE70HILxpF$tlCLEtodx1j2IpPqOxIdy9PhbQmdmzx+YyaJL3e+t/k=,,0,trilok1,10004,,trilok1@gmail.com,0,1,56:51.8,
5,pbkdf2_sha256$720000$mWPbrwfPIiMfdvdgGbSNDR$fHGohvkw07WOdiYvEZSV1mdXQFdnySC0CKYqHqFZ8aY=,,0,trilok2,10005,,trilok2@gmail.com,0,1,59:03.3,
6,pbkdf2_sha256$720000$Zr6GUqhFwU0P06cSRILLBJ$Vwb2ZyyKJPqiUw11fSTEV9z3tKqcV1WC+vnUxqo5zes=,,0,trilok3,10006,,trilok3@gmail.com,0,1,00:27.4,
7,pbkdf2_sha256$720000$Gfau1i7uYlWJTfm3j41SCv$080vfp6LngrtifTEOVt+qa5Dc2T80RMb6wQbVa5l864=,,0,trilok4,10007,,trilok4@gmail.com,0,1,02:00.7,
8,pbkdf2_sha256$720000$Glrz3YxsMGPGHgplJSCFmx$ZfsCwLs4VaKF20UJ5458iXFnKMhUDnztFLwlnWrrLnI=,,0,trilok5,10008,,trilok5@gmail.com,0,1,03:44.7,
9,pbkdf2_sha256$720000$d84itbldbu2tQnMsQ2yBVI$0datDDCcGpGu0HIj2tvjGLLEjCpch1OOXaNQw3bBiLw=,,0,trilok6,10009,,trilok6@gmail.com,0,1,06:19.3,
10,pbkdf2_sha256$720000$LVUXjO07DMw2vywOfnmHRd$y3Ky0s73sncEWuaCU5p78x7Vt6I91A+nQUxYnINyt4s=,,0,trilok7,10010,,trilok7@gmail.com,0,1,13:11.0,
11,pbkdf2_sha256$720000$dJQNQTBKFdrUAz3JDQdMdW$GHrdVyaA5E6hfai8jOmoA+bu2B8oO6mlOpz2y8Buarw=,,0,abc123,10011,,abc123@gmail.com,0,1,44:42.6,
12,pbkdf2_sha256$720000$68AwAUS8F6qqjkTN8M6l4u$xiTwwPQkjEOdVUUcWWz2aHGlOOTA8RyusieHx3stWj8=,,0,trilok11,10012,,trilok11@gmail.com,0,1,41:00.8,
13,pbkdf2_sha256$720000$KfX4MfgetNszZdcjzEUSul$Ep1dH0oUocuEzQHU5EQvD+Z+tK9B3JRVuUcmMBu57/E=,,0,roshan,10013,,roshan@gmail.com,0,1,23:49.0,
14,pbkdf2_sha256$720000$hblbDLRDlUzJerpTuMVmjV$dQ2SQUjF1Ai6NBQAU5q1YNYRKvkELy1MqBy91wxFjTo=,,0,lokudon,10014,,loku@gmail.com,0,1,25:51.7,
15,pbkdf2_sha256$720000$OveLFmG0zzoCrUd0CDjBl9$32PPiMM7CbHOAKUzN6rgpkQG68iwoc4Fugr8QaTojCU=,,0,trilok99,10015,,trilok99@gmail.com,0,1,11:13.9,
16,pbkdf2_sha256$720000$xEKpWBDtYOLgSH9wqRyVVM$LLULdpdQ7NsczRMtP3GDDFwr2Z9K14OXzTCq94kGU7I=,,0,abc12,10016,,abc12@gmail.com,0,1,14:23.3,
17,pbkdf2_sha256$720000$W97Xibeuqew7HRWh3oUmAP$/rl8n+390eK0GvVTfsQ4tnlydz/oXm/dZcw+G4x03Ac=,,0,abc,10017,,abc@gmail.com,0,1,16:21.6,
18,pbkdf2_sha256$720000$SF9vz74LvQJEHbvCsaGjOp$62LTDrc6XyqftWC95N4XahtdWXHIDcOOJoVjWVOyaeg=,,0,abc1,10018,,abc1@gmail.com,0,1,17:58.1,
19,pbkdf2_sha256$720000$tsnatKrcZcK9C5KCVjXTls$z7XkfShGcYRzwFREVsYAMfMvdJSnzs7qdRR5A6iPyDk=,,0,a,10019,,a@gmail.com,0,1,18:30.7,
20,pbkdf2_sha256$720000$xshk4h6Wn0PF0t05fxLedP$t3B9bnA8KKXQpRx+QjQqUc7AumiJBMNsqRD2GwIqkHE=,,0,trilok123,10020,,trilok123@gmail.com,0,1,20:29.6,
21,pbkdf2_sha256$720000$3Egwrz5dNLI88Mettq590O$nKoOEC1CkAK7st58rUSfddfxpHNHy/brOj6YkF5h1ms=,,0,trilok55,10021,,trilok55@gmail.com,0,1,19:15.0,
22,pbkdf2_sha256$720000$h9LyvUeaDdypeFSrXtwmwy$TqNETuDFHtJlJw2rsrlC41YskhfBBu7nKAOKWth4gOw=,,0,trilok56,10022,,trilok56@gmail.com,0,1,20:26.9,
23,pbkdf2_sha256$720000$H4MVWWdNeO45xGF50NmnxD$v7jhDQrm9crY2BA/4PNflpW5JT/cnGRnlxpKzBw2bRc=,,0,trilok57,10023,,trilok57@gmail.com,0,1,21:56.5,
24,pbkdf2_sha256$720000$itjOmvuHp0VZeg01dolF5V$dkWErqG85zepm/BX8K1voub7qkPg0dIFl4Jcxit7UeU=,,0,trilok51,10024,,trilok51@gmail.com,0,1,24:32.9,
25,pbkdf2_sha256$720000$BCb4J1NUIpcPmmBmRjBngS$VOWTFUdRNs1ejjv0tFGa2c+PdifT4opHRr+oF97vuA0=,,0,trilok52,10025,,trilok52@gmail.com,0,1,25:08.6,
26,pbkdf2_sha256$720000$PXeOACiHlLGFI3prjaa8Lu$vF975wrCHoq5mkU8zDzqIJbUOk3vk6n2MPOcN/dd4qQ=,,0,trilok22,10026,,trilok22@gmail.com,0,1,29:44.3,
27,pbkdf2_sha256$720000$7swVgHWe6q88sIZ30PDAIt$GzFREczuG/reh616+JN42IBcWSn3cmynYyqheccG5So=,,0,trilok23,10027,,trilok23@gmail.com,0,1,30:16.4,
28,pbkdf2_sha256$720000$u5FmJrjn5kfovJp26X4WGA$JDZPHY+Mrto++fSZYG9Yl7lW53WV08tph+HVzr2AOL4=,,0,trilok44,10028,,trilok44@gmail.com,0,1,31:55.4,
29,pbkdf2_sha256$720000$6ElSBchYRBypH4OqIruS1q$1UwcEyxcc8R6eB4OYnZNmQ1qXEtOzo73QGFwytsi0pg=,,0,qwerty,10029,,qwerty@gmail.com,0,1,35:31.8,
30,pbkdf2_sha256$720000$JjXtsUzdjVn77nIwSgdiTR$0TCXDAuJ2KwNVs5cvc7VUTludTShCUIrU+omsol9QhE=,,0,qwerty1,10030,,qwerty1@gmail.com,0,1,42:52.4,
31,pbkdf2_sha256$720000$U2gsLMzbIcjPKBEaDlxHA0$dbJ30jRDnVwQIqYkrWPHwf4YB3BgkCTfRwvnuYW+fEo=,,0,qwerty12,10031,,qwerty12@gmail.com,0,1,43:22.0,
32,pbkdf2_sha256$720000$XKZKhV3BL5za7HiUwtTTtB$uxF6Cl9qyiMFLp6DQgFP17i/hk1MmtkqYrYaiDhzcyM=,,0,qwerty123,10032,,qwerty123@gmail.com,0,1,44:38.6,
33,pbkdf2_sha256$720000$2rlvdmkBZ5Ywc5R3XDd4RM$nYe4o6VvMAh0AOP97BsGsp+urDVTVyxbuJ7BPKVnTig=,,0,trilok45,10033,,trilok45@gmail.com,0,1,46:00.3,
34,pbkdf2_sha256$720000$wjdKG3ziOJX4pRE8tjF6f6$1TH3X8Ke8vh4r+NDh7r0oz50qcypqb8GvoCTD+YsU8k=,,0,trilok451,10034,,trilok451@gmail.com,0,1,46:49.3,
35,pbkdf2_sha256$720000$3QO0yIVgADAGcbi9hIguGI$TBcnIEtehCWshp0BuQ29l/PDaQm75IVHbvAqz/FAYlI=,,0,trilok4511,10035,,trilok4511@gmail.com,0,1,49:10.0,
36,pbkdf2_sha256$720000$cdBooeqvvDRrfstLmGYBCk$50MAqU/SKzZdjHT13+wE527fcdzxuRpuTgHnCOCRn1E=,,0,trilok45111,10036,,trilok45111@gmail.com,0,1,49:56.3,
37,pbkdf2_sha256$720000$pRnEKWjscNbfYU864idrXY$ERAztyPppVUSN8vUO7ypkhTYxhgWIxzxmtgSh1NzIgI=,,0,music,10037,,music@gmail.com,0,1,32:20.5,
38,pbkdf2_sha256$720000$Mov6fc4vsvJyURsMhgkGdT$sePgXi0T6AVJmT3orIvehUEJ9DTYLwwCK1p/2sSlDN4=,,0,hlo,10038,,hlo@gmail.com,0,1,33:20.1,
39,pbkdf2_sha256$720000$D8WfzEWhRJwGm6eZnaZx4b$udWe3lDlCvXtV9SnS6AvnBuIZ76NR26Vej4hs7G9oDg=,,0,bla,10039,,bla@gmail.com,0,1,34:48.9,
40,pbkdf2_sha256$720000$ZHwZcy3zLwLUbzwiAqYivk$9cfaWY7DdoOEaAqn9niNzGibbHu/4A00p2kBmMn/ors=,37:42.1,0,loku22,10040,,loku22@gmail.com,0,1,35:34.9,
41,pbkdf2_sha256$720000$thjoIfDstiDmuy6VfEHdFW$+UN64YSJv54y/52hKEtNKDup+u8WFxtt0zvOIeRkOC0=,,0,yt,10041,,yt@gmail.com,0,1,43:38.7,
42,pbkdf2_sha256$720000$Dh47VWXHZEz2zdZ5RMiJcn$uujD3ggJQff/Aznt4liP7SFaAgUys9XQzHyBi2cNJxI=,45:24.4,0,yt1,10042,,yt1@gmail.com,0,1,45:13.9,
43,pbkdf2_sha256$720000$uX1YrvgxPcnkU5V5mggY7B$EFRVwHSiq7MnY/BtJ2N75//nYrkthGe5s6/sEj5vA2s=,,0,bct,10043,,bct@gmail.com,0,1,46:43.0,
44,pbkdf2_sha256$720000$sEXUoEqgADYic6wymvcLOf$1sAOZdmKGeqk+kcAJHOGtnrJyTMTJig5UGu2fI4DUII=,,0,tr,10044,,tr@gmail.com,0,1,06:09.7,
45,pbkdf2_sha256$720000$k1i8pWKousGdJFyel52ZUX$p9e3k9BI5B7C/n9Bs/9iPlylO70mSdegpp1IX5OY8ag=,,0,tr1,10045,,tr1@gmail.com,0,1,07:13.7,
46,pbkdf2_sha256$720000$tR4qsJ9UvlGqSvvy81skHo$QdBvmfY3kiWc29w990GWsXQyq+GjfyIna1bL8knv1Gs=,,0,ty,10046,,ty@gmai.com,0,1,07:37.2,
47,pbkdf2_sha256$720000$5B8PkQvaSX4AABcYv9Avnt$hL33jASQR9uG0BJusgzNz5SSTIwbKRMHehiTZU3Ev3w=,,0,kj,10047,,kj@gmail.com,0,1,09:38.5,
48,pbkdf2_sha256$720000$jP6lGukLCzr5Bd23HxBpjk$s6CqiuIqIDoFC4R/SRqP99EmZXUvp05T4vpd/RFOqIk=,,0,ab,10048,,ab@gmail.com,0,1,17:10.1,
49,pbkdf2_sha256$720000$uIfDfyFORGsRMZexCVaAvi$3c4UqJWsdYkBYrB/fECzRbo97c559rHJF7xMAowDzxk=,,0,trilok34,10049,,trilok34@gmail.com,0,1,22:00.0,
50,pbkdf2_sha256$720000$CXOiyS2kvQv1nIddb6XjcK$RqOW+1/Uy1+sEuRiiZQaKkiwYJUGqtLcg0pF9717mlQ=,,0,trilok20,10050,,trilok20@gmail.com,0,1,28:56.9,
51,pbkdf2_sha256$720000$OC3pxtbkLbuEKw0e2hIcUX$62o1+PgkJZ16UrYC9ZAdmemq/yRqtRyf1m7025W2QdA=,50:50.1,0,trilok90,10051,,trilok90@gmail.com,0,1,50:33.7,
52,pbkdf2_sha256$720000$y7N6yHyAwqhecpZ5pXkyEm$8WbnduHUnVOOEmUpT67KLdSk0Ej0HGVMVfrYek2ob20=,55:33.3,0,like,10052,,like@gmail.com,0,1,55:26.9,
53,pbkdf2_sha256$720000$CxEg06eFF67NpLQDIDXwjC$6m8vVyhw8NxiE6uSuZslBf+W2zQJS6NbsPulieKfcQI=,,0,sub,10053,,sub@gmail.com,0,1,03:09.6,
54,pbkdf2_sha256$720000$zQ1m2rlIriVHj7dArSA8TV$f2ubtxhGEQMUkCvkAjrt52S4pNpv3CS5hdxctDxZojA=,,0,user,10054,,user@gmail.com,0,1,04:26.1,
55,pbkdf2_sha256$720000$Nlxzw8WiFUdzOXispEqHv7$M4R0x0SNYpxYd5pZA9AxH4OpNO7sRvV4vw9ttmp3HI8=,,0,name,10055,,name@gmail.com,0,1,12:11.0,
56,pbkdf2_sha256$720000$VGcfpJcjmBRwCKW4fUALGx$1OoQMjH6yVwUsz3myU2rpWZgy/byMLQRdaEkYBShc/M=,,0,nigga,10056,,nigga@gmail.com,0,1,25:57.6,
57,pbkdf2_sha256$720000$GBQSdFO1xGskfiMSNqRban$nbPq/w7Gdn+ROUv6l07Zh2f0oFo/GSm8XWQ6llrW0TM=,26:54.5,0,salin.exe,10057,,0sal@gmail.com,0,1,26:27.0,
58,pbkdf2_sha256$720000$fu7nEgxCDHWhAyAC6B7jl4$Fsi6HaDlMen+7h195kkWBBue+cIqxLYpvPu5g1QFc1c=,,0,salin36,10058,,,0,1,47:43.3,
59,pbkdf2_sha256$720000$pacPDvEelStQjwcn2ALhsa$XnorgGtW1GqkqP5Hyt+a+c2qUty36DuBR1hd251bzz4=,,0,gpt,10059,,gpt@gmail.com,0,1,02:41.9,
60,pbkdf2_sha256$720000$ORS1HQeCVNKLJcjsZ7FTu1$GCBJUAo0Y99g7qVfP50klwmNxu3HuaLhC4XPpp6U+P8=,,0,gpty,10060,,gpty@gmail.com,0,1,03:32.9,
61,pbkdf2_sha256$720000$CV66gqQSLWbwloCxBkme9I$X3sY1DYHO6wgH3GZg9txTwudrfvWqoNia4il4srj0PI=,,0,hi,10061,,hi@gmail.com,0,1,11:17.9,
62,pbkdf2_sha256$720000$fSLSQR1UxFMUWJUyus4l6F$Y2qd0OqJj0FdtIUzwttPjV5hA+WXrL9lOERiVDzCXu0=,56:44.2,0,nitesh,10062,,nitesh@gmail.com,0,1,56:22.1,
63,pbkdf2_sha256$720000$6AhayxEhKRqTmGV14574WG$NCirXYre4uj3oKI24AkzxV6HdX96NosrNHZ8KYVNmb0=,,0,roshan1,10063,,roshan1@gmail.com,0,1,06:11.8,
64,pbkdf2_sha256$720000$UNsQhF1sAmr7QZJ7gqzpnL$zXkdRXDXIs0aSHcsn5YwoV27A9vmQJ7ZJBoSyBC5nFY=,,0,jag,10064,,jag@gmail.com,0,1,49:01.4,
65,pbkdf2_sha256$720000$XoLo3AfWj8dZz5kczujnKx$DS05P4j1RxWaVxyNcQs5YoVs9myVOOqi5Nn79nhFans=,,0,jag1,10065,,jag1@gmail.com,0,1,49:57.0,
66,pbkdf2_sha256$720000$miSnZ7wpvhGUS3KU3Q4Kt8$kh+MVBuPJUgGhQb7Imhjkvd+3zljHGQ3f71AdtSmCzM=,,0,jam,10066,,jam@gmail.com,0,1,51:01.1,
